Category,Name,Picture Link,Quantity,Price,Description,Link
Shoes,Superior Quality Artificial Pu Man Sport Shoe Manufacturer Custom Men,https://sc04.alicdn.com/kf/H151c1a5bd06247859783ae5540c181b2O.jpg,5-299 ,20.2584,Colour= Black/Grey/Blue,https://www.alibaba.com/product-detail/Shoe- Superior-Quality-Artificial-Pu-Man_1600218575079.html?spm=a2700.galleryofferlist.normal_offer.d_title.739d60596PGz8N&s=p
Shoes,2021 Wholesale Custom brand ladies black and white men sneaker women running air cushion men sport shoes,https://sc04.alicdn.com/kf/H9f6c5f289f8e484288c7c0861d0ed0a2L.jpg ,100 - 499 ,32.9933,Color= Black/White/Red/Green/Brown,https://www.alibaba.com/product-detail/ 2021-Wholesale-Custom-brand-ladies-black_1600112519473.html?spm=a2700.galleryofferlist.normal_offer.d_title.739d60596PGz8N
Accessories,Wholesale China Factory Top Design 18K Gold Plated Cubic Zircon Custom Charm Bracelet Fashion Jewellery Import Accessories,https://sc04.alicdn.com/kf/HTB1xjQxFXmWBuNjSspdq6zugXXaS.jpg ,6 - 349 ,5.3215,Color= White Or Colorful,https://www.alibaba.com/product-detail/Wholesale-China-Factory-Top-Design-18K_60511008236.html?spm=a2700.galleryofferlist.normal_offer.d_image.4a7bc587LBx6Jp 
Accessories,Handmade American Diamond South Indian Bridal Gold Jewellery Sets,https://sc04.alicdn.com/kf/HTB1SP4LdamWBuNjy1Xaq6xCbXXaq.jpg ,6 - 149 ,6.4225,Color= White Or Colorful,https://www.alibaba.com/product-detail/Handmade-American-Diamond-South-Indian-Bridal_60719219281.html? spm=a2700.details.0.0.7bc97816VZSUVo
Accessories,36 Style Boho Bangle Elephant Heart Shell Star Moon Bow Map Crystal Bead Bracelet Women Charm Party Wedding Jewelry Accessories,https://sc04.alicdn.com/kf/H7ef06994c687463c82662c86ec22c6fb5.jpg ,3 - 99 / 100 - 999 ,3.67,36 Style and Colors Bracelet ,https://www.alibaba.com/product-detail/36- Style-Boho-Bangle-Elephant-Heart_62420983364.html?spm=a2700.galleryofferlist.normal_offer.d_image.4a7bc587LBx6Jp
Accessories,Customized Diy Hair Accessories Luxury Korean Imitations Baby Hair Clip Set,https://sc04.alicdn.com/kf/Haeec9d8f26a44e5887a41a9011a7826db.jpg ,101 - 500 ,2.202,10 colors with hair clip for kids,https://www.alibaba.com/product-detail/Accessories-Customized-Diy-Hair-Accessories-Luxury_1600139265477.html?spm=a2700.galleryofferlist.normal_offer.d_image.5dc4662dRxLvjV&s=p
Accessories,Headband,https://sc04.alicdn.com/kf/H0a14f1f247d0473187d6b43c16c6a8777.jpg ,3 - 59/60 - 599 ,6.2757,6 different colors - Material:metal,https://www.alibaba.com/product-detail/New-Golden-Lotus-Wrap-Around-Knotted_1600235274083.html?spm=a2700.galleryofferlist.normal_offer.d_image.5dc4662dRxLvjV
Accessories,Earrings ,https://sc04.alicdn.com/kf/H58ded5ccb0a44c839bfbd204f0fcc4b1Y.jpg ,"6 - 98/99 - 999 
",5.0279,11 Different style Stainless Steel,https://www.alibaba.com/product-detail/Amazon-best-sellers-alloy-designer-earrings_1600136295195.html?spm=a2700.wholesale.magic-edit-release-top.5.720f43celibu4G
Caps,Male Cap ,https://sc04.alicdn.com/kf/Heb2eca40960b4b408301203f254ff9919.jpg ,"8 - 98/99 - 999 
",8.0006,6 different colors - cotton hat,https://www.alibaba.com/product-detail/Popular-American-flag-straw-american-flag_1600213503156.html?spm=a2700.wholesale.magic-edit-release-top.9.720f43celibu4G
Caps,Male Cap ,https://sc04.alicdn.com/kf/He1dc070086824f06a0f5bdd259c807e0I.jpg ,10 - 98 ,9.542,3 different colors,https://www.alibaba.com/product-detail/2021-men-s-and-women-s_1600214184431.html?spm=a2700.wholesale.0.0.6dde2128MHLWRP
Caps,Male Cap ,https://sc04.alicdn.com/kf/He9fe90c028064061a89cb5f9fdac8ea52.jpg ,"10 - 98/ 99 - 199 
",7.707,4 different colors,https://www.alibaba.com/product-detail/2021-new-female-retro-simple-cap_1600215075373.html?spm=a2700.wholesale.0.0.6dde2128MHLWRP
Caps,Male Cap ,https://sc04.alicdn.com/kf/H577dccc5055b46b5a16126196d146b2by.jpg ,10 - 98/99 - 199 ,9.175,4 different colors,https://www.alibaba.com/product-detail/2021-new-style-baseball-cap-with_1600213930949.html?spm=a2700.wholesale.0.0.6dde2128MHLWRP
Caps,Male and Female woolen top hat,https://sc04.alicdn.com/kf/H57b30929eba44d20911bee5c5208b701a.jpg ,"10 - 98/99 - 499 
",10.276,4 different colors,https://www.alibaba.com/product-detail/Amazon-blast-models-men-s-and_1600215974414.html?spm=a2700.wholesale.0.0.6c99381adI14Wn
Caps,Girls Casual Hat,https://sc04.alicdn.com/kf/Hecf0f45f0cd440068c35a920184dbcaez.jpg ,10 - 98/99 - 199 ,12.111,4 different colors - European and American leather,https://www.alibaba.com/product-detail/Girls-casual-all-match-navy-hat_1600215129514.html?spm=a2700.wholesale.0.0.6c99381adI14Wn
